{
	"class_name" : "PinholeCameraParameters",
	"extrinsic" : 
	[
		-0.76319982158353883,
		0.32799342639170681,
		-0.55672825020712091,
		0.0,
		0.64615791174064396,
		0.38413683515835734,
		-0.65948377157401783,
		0.0,
		-0.0024465138104742823,
		-0.86305226036338556,
		-0.50510871151844738,
		0.0,
		4.2946525807643843,
		13.042768729166127,
		221.98730973160079,
		1.0
	],
	"intrinsic" : 
	{
		"height" : 1017,
		"intrinsic_matrix" : 
		[
			880.74783564877418,
			0.0,
			0.0,
			0.0,
			880.74783564877418,
			0.0,
			959.5,
			508.0,
			1.0
		],
		"width" : 1920
	},
	"version_major" : 1,
	"version_minor" : 0
}